index,code,description,cp,b0,b1,b2
1,5856,End stage renal disease,-113,0.8355821000294793,0.0022008122208163573,-0.050909356466549545
2,4019,Unspecified essential hypertension,-29,0.6924566110483465,0.006344823019966145,-0.12539173001215873
3,496,"Chronic airway obstruction, not elsewhere classified",-358,0.31626021664644405,-0.4844143703694715,0.49050015992099816
4,25000,"Diabetes mellitus without mention of complication, type II or unspecified type, not stated as uncontrolled",-323,0.8747504372004355,0.10798811364936332,-0.11327756056068021
5,486,"Pneumonia, organism unspecified",-92,0.2742361550947389,0.004681891090695414,0.049023244498365044
6,28521,Anemia in chronic kidney disease,-127,0.7648699857065092,0.012372035284238282,-0.04880953171423605
7,7862,Cough,-92,0.2787877138019354,0.004842530616166055,0.04573137508076394
8,51889,"Other diseases of lung, not elsewhere classified",-113,0.1470235549139914,0.003358921407187675,0.042568843642845654
9,4011,Benign essential hypertension,-316,0.8699971824034867,0.09189710383937202,-0.10536688880946997
10,78605,Shortness of breath,-169,0.12010039703668568,-0.001798940456528649,0.0333001222241586
11,2724,Other and unspecified hyperlipidemia,-358,0.6329966264067459,0.6329966264067565,-0.638159293311857
12,78650,"Chest pain, unspecified",-106,0.48154021582816586,0.0035135257983660993,0.021043660806286307
13,2809,"Iron deficiency anemia, unspecified",-295,0.8848643299380625,0.06905613497058148,-0.07797147753793952
14,2859,"Anemia, unspecified",-288,0.22501193216675305,-0.04643997756156668,0.06007429425435539
15,42731,Atrial fibrillation,-337,0.26493951320966197,-0.14028355545416196,0.1474655924805622
16,7242,Lumbago,-106,0.4837891866851166,-0.001877634630719358,-0.032325132930436644
17,7140,Rheumatoid arthritis,-358,0.5811651558753438,-0.4188348441246655,0.4105218414139725
18,78079,Other malaise and fatigue,-127,0.3271075751200102,0.0024165352174452728,0.028614827554845495
19,4280,"Congestive heart failure, unspecified",-57,0.5525748500525219,0.006211106517806706,0.04669873052810317
20,78609,Other respiratory abnormalities,-127,0.13590311690155352,-0.004443557490737038,0.051215553696984585
21,78900,"Abdominal pain, unspecified site",-358,0.14879302533332037,-0.8512069746667057,0.853974048584863
22,5119,Unspecified pleural effusion,-92,0.24707080159787617,0.005105004492074355,0.05159112439462681
23,7866,"Swelling, mass, or lump in chest",-113,0.13810137450057025,0.0022636323539258034,0.0492077286415823
24,1629,"Malignant neoplasm of bronchus and lung, unspecified",-169,0.37275279634633285,0.009984415904362002,0.016151398258141686
25,2449,Unspecified acquired hypothyroidism,-1,0.2892459941814379,-0.0017326747380824374,NA
26,41401,Coronary atherosclerosis of native coronary artery,-267,0.5318079784511248,0.021836573913578714,-0.028808125051380005
27,5990,"Urinary tract infection, site not specified",-225,0.3276393585894806,-0.018874291235467886,0.023996362541301205
28,7295,Pain in limb,-351,0.5138666418295106,-0.2877787743398694,0.28441740765203843
29,7931,Lung field,-106,0.28956648355037884,0.004404172599137014,0.040716881355009164
30,4660,Acute bronchitis,-358,0.4521631133327605,0.45216311333277037,-0.4441499656028769
31,V700,Routine general medical examination at a health care facility,-29,0.5085579631347249,0.0014224037526519991,0.10426434503373744
32,53081,Esophageal reflux,-274,0.5713811927574085,0.025242124782437456,-0.028532976882513002
33,V5869,Long-term (current) use of other medications,-155,0.5149688980035928,0.01258579456715675,-0.020252615847260513
34,41400,"Coronary atherosclerosis of unspecified type of vessel, native or graft",-183,0.3165316263004934,-0.014572128609224123,0.01340350352410869
35,49390,"Asthma, unspecified type, unspecified",-253,0.3393862655112813,-0.01271076374077609,0.023983081399646455
36,V709,Unspecified general medical examination,-120,0.19377165530708867,-0.0073437853543098525,0.04128582725605401
37,7231,Cervicalgia,-1,0.11184914703610437,-0.007283597360165214,NA
38,7856,Enlargement of lymph nodes,-99,0.1888671515905734,0.0029680983993336752,0.05073812245794999
39,71946,"Pain in joint, lower leg",-127,0.6165062222925599,-0.0032433268803507605,-0.026974910144890313
40,78060,"Fever, unspecified",-99,0.25475815458974416,0.004637124603097186,0.038566132539407855
41,2720,Pure hypercholesterolemia,-351,0.5940876875842923,-0.1888239580750997,0.18353313023969003
42,515,Postinflammatory pulmonary fibrosis,-148,0.18081630551667421,0.002101250894604524,0.027883600456103358
43,51881,Acute respiratory failure,-99,0.17431754331169555,0.0018424425092234084,0.05440190897027644
44,25002,"Diabetes mellitus without mention of complication, type II or unspecified type, uncontrolled",-358,0.49441488246018694,-0.37358019184687413,0.36816668442375267
45,7812,Abnormality of gait,-169,0.7467449516154911,0.017212251276522178,-0.03371021554907578
46,7840,Headache,-309,0.5547927091360689,0.06860934162706911,-0.07120067882441324
47,4659,Acute upper respiratory infections of unspecified site,-127,0.38786158967857703,-0.003079800192714698,0.019198350441522096
48,V726,Laboratory examination,-218,0.2087955537005291,-0.00311278810834152,0.01889296044917955
49,311,"Depressive disorder, not elsewhere classified",-358,0.6882905980331934,0.6882905980332117,-0.6906766601341596
50,4779,"Allergic rhinitis, cause unspecified",-71,0.45657303578992875,0.0016772676641126597,-0.029476404931980223
51,79319,Other nonspecific abnormal finding of lung field,-92,0.16009256375567812,0.003497722190935599,0.053079764776495286
52,58881,Secondary hyperparathyroidism (of renal origin),-358,0.7975135928867993,0.6956166432647375,-0.7090249854829912
53,71941,"Pain in joint, shoulder region",-85,0.7447087414781997,0.005093801266255747,-0.04322190637193902
54,V5861,Long-term (current) use of anticoagulants,-85,0.6475653577824501,0.005082347361873802,-0.05799178303568831
55,V0481,Need for prophylactic vaccination and inoculation against influenza,-64,0.38538031102997106,-0.005776989597685923,-0.028070668449764767
56,49121,Obstructive chronic bronchitis with (acute) exacerbation,-78,0.5178555270170504,0.0024746960853638876,0.0388365460319528
57,V5811,Encounter for antineoplastic chemotherapy,-246,0.5988837746276271,0.013239310213618022,-0.025770206295061222
58,78321,Loss of weight,-120,0.3778478605859801,0.006582799044745629,0.02769136582714915
59,32723,Obstructive sleep apnea (adult)(pediatric),-176,0.6089684081404899,-0.001852694909901609,-0.013272676553681258
60,4940,Bronchiectasis without acute exacerbation,-351,0.18482453506435031,-0.2654046582991224,0.27933008358810735
61,V7612,Other screening mammogram,-225,0.6665881360508811,0.003782023476707074,-0.01995535875597874
62,7244,"Thoracic or lumbosacral neuritis or radiculitis, unspecified",-351,0.7854129492804883,0.3556319302948063,-0.36168403586031017
63,1749,"Malignant neoplasm of breast (female), unspecified",-169,0.6328996176319915,0.014300941325585083,-0.03294956720144931
64,V7231,Routine gynecological examination,-309,0.8664377848616345,0.06526207749080827,-0.07533442284723174
65,7245,"Backache, unspecified",-330,0.3933578595661696,-0.05983326187801481,0.06340073428747861
66,042,Human immunodeficiency virus [HIV] disease,-1,0.6991107249352695,0.010553034123930811,NA
67,585,Chronic kidney disease (CKD),-232,0.9286437954243661,0.03600362125985093,-0.052844357279749
68,5849,"Acute kidney failure, unspecified",-64,0.2676584477203361,0.002471340957086019,0.08436749947258877
69,185,Malignant neoplasm of prostate,-337,0.585239809289177,0.15701125237688182,-0.15749131470058517
70,7391,"Nonallopathic lesions, cervical region",-232,0.8055292021868181,0.01661037973082345,-0.03689639289895854
71,78659,Other chest pain,-57,0.43237376162151747,0.002133646716333789,0.03979337610636281
72,3051,Tobacco use disorder,-57,0.4441546183035079,0.0057802937308126,0.05102979773094172
73,72252,Degeneration of lumbar or lumbosacral intervertebral disc,-358,0.6139956633287075,-0.2830209588791168,0.27492750557221024
74,30000,"Anxiety state, unspecified",-148,0.6480533905626386,0.007293885011216723,-0.01482531635023205
75,78701,Nausea with vomiting,-190,0.5759891812895641,0.015679435436011985,-0.012933616214446391
76,71945,"Pain in joint, pelvic region and thigh",-148,0.6141491089717027,0.011574267275768883,-0.030425092475576905
77,78791,Diarrhea,-225,0.5548934411936325,0.013595236536715042,-0.01931055416066306
78,72887,Muscle weakness (generalized),-29,0.6386359554768313,0.010253458893207156,-0.08944289596626662
79,1101,Dermatophytosis of nail,-92,0.5170457019302686,-0.0037264370965165486,-0.03192769539594349
80,5180,Pulmonary collapse,-106,0.27634887899924504,0.004887100275723841,0.04280989944282482
81,7393,"Nonallopathic lesions, lumbar region",-148,0.5950324983889428,-0.0022708139752180283,-0.023149584917965912
82,V202,Routine infant or child health check,-64,0.3670207294252246,-0.0013827429384445672,0.051587334917979
83,7291,"Myalgia and myositis, unspecified",-358,0.2681523603475796,-0.7318476396524382,0.7299791263421206
84,4770,Allergic rhinitis due to pollen,-78,0.6584354817123891,-0.001145508227353895,-0.04352187725486399
85,4928,Other emphysema,-344,0.15473560927447547,-0.24596767384754797,0.2532967006443934
86,7804,Dizziness and giddiness,-351,0.41971791562244987,-0.16605469477284135,0.16312579279512923
87,20280,"Other malignant lymphomas, unspecified site, extranodal and solid organ sites",-358,0.3561582716696285,0.35615827166963404,-0.3474182898293381
88,V571,Care involving other physical therapy,-358,0.45559212982769093,-0.5444078701723217,0.5381532456096932
89,4619,"Acute sinusitis, unspecified",-358,0.3840522217691859,-0.6159477782308296,0.6142611554315808
90,7823,Edema,-148,0.4785380172667336,-0.006729096624431035,0.025824022913540984
91,6961,Other psoriasis,-358,0.5292835676244059,0.5292835676244158,-0.5338775768397827
92,5559,Regional enteritis of unspecified site,-358,0.6299184325197753,0.629918432519787,-0.6281389730487362
93,27651,Dehydration,-78,0.5449989730677728,0.004472940645950526,0.02592266323713095
94,79431,Nonspecific abnormal electrocardiogram [ECG] [EKG],-78,0.4112395114091885,-2.3033728566532988e-4,0.03847394058553316
95,462,Acute pharyngitis,-1,0.536732042203659,0.0027510702362829004,NA
96,V580,Encounter for radiotherapy,-253,0.6511798793343584,0.041064515995874074,-0.04446254642294461
97,4439,"Peripheral vascular disease, unspecified",-323,0.7639863495332196,0.0947749870375826,-0.10111970245156336
98,5183,Pulmonary eosinophilia,-99,0.30907517772598897,0.005355240209732067,0.04433686359796509
99,79902,Hypoxemia,-169,0.3112690459521744,-0.0037698409826649707,0.025647849416870615
100,0310,Pulmonary diseases due to other mycobacteria,-120,0.46682108029322417,0.0036250507183676383,0.02111449788730065
101,71516,"Osteoarthrosis, localized, primary, lower leg",-358,0.5856341341657147,0.5856341341657287,-0.5920990672531498
102,490,"Bronchitis, not specified as acute or chronic",-113,0.3938119939617684,9.790652962679922e-4,0.027808135746062557
103,7197,Difficulty in walking,-183,0.8061529875519344,0.019665716717781577,-0.03729317988218163
104,6929,"Contact dermatitis and other eczema, unspecified cause",-344,0.4388124279074688,-0.1650512782941108,0.1616251052852965
105,4778,Allergic rhinitis due to other allergen,-302,0.745185606606991,0.022998472987503172,-0.0364253969466297
106,2761,Hyposmolality and/or hyponatremia,-43,0.43013419613401543,0.004597478145013542,0.07146812405843517
107,7806,Fever and other physiologic disturbances of temperature regulation,-99,0.1609066649070294,-2.2829226998970483e-4,0.04289117873968376
108,1623,"Malignant neoplasm of upper lobe, bronchus or lung",-267,0.14028845319854147,-0.021181955430396766,0.03894604717188603
109,2722,Mixed hyperlipidemia,-358,0.742816111696825,0.40177557760432975,-0.4124764755363838
110,2689,Unspecified vitamin D deficiency,-253,0.46004871564530125,-0.012440556092054156,0.016362826460148278
111,7802,Syncope and collapse,-351,0.5970399032746241,0.27628700582698157,-0.2778394524471751
112,4240,Mitral valve disorders,-260,0.5075663574367985,0.010783161815570234,-0.010956988600741315
113,36616,Senile nuclear sclerosis,-358,0.7595057086041743,0.4251768550787264,-0.43713638351511747
114,71596,"Osteoarthrosis, unspecified whether generalized or localized, lower leg",-358,0.5026468690312069,-0.49735313096880884,0.49090656040872205
115,7999,Other unknown and unspecified cause of morbidity and mortality,-232,0.3793227663202367,-0.009260353341267421,0.026342853720583516
116,5859,"Chronic kidney disease, unspecified",-232,0.1686540599629577,-0.031380984238104224,0.04572198057988189
117,V7283,Other specified pre-operative examination,-78,0.35240631225522806,-0.001198501683980693,0.047527342642616335
118,29632,"Major depressive affective disorder, recurrent episode, moderate",-225,0.6003351567042419,-0.0012002022728012565,-0.016681092773197816
119,V420,Kidney replaced by transplant,-1,0.45228349615713664,-0.003056807468185894,NA
120,2869,Other and unspecified coagulation defects,-295,0.5592697568580617,0.02334675293755827,-0.03358446588913047
121,72402,"Spinal stenosis, lumbar region, without neurogenic claudication",-78,0.43827191334311,-0.001450865095394049,-0.020481063923103004
122,7842,"Swelling, mass, or lump in head and neck",-134,0.2295473202809115,-2.0548771227186344e-4,0.035508117287706115
123,36511,Primary open angle glaucoma,-57,0.3372503761342889,-0.00869559316519118,-0.034081537649138904
124,7851,Palpitations,-351,0.4784603359259084,0.24730469870014746,-0.2457029159129687
125,5589,Other and unspecified noninfectious gastroenteritis and colitis,-358,0.7133120376763572,0.7133120376763724,-0.7129406822212965
126,436,"Acute, but ill-defined, cerebrovascular disease",-309,0.5005222427197722,0.03428105838539087,-0.031618549812873493
127,20410,"Chronic lymphoid leukemia, without mention of having achieved remission",-267,0.8180823868365047,0.03296955609725783,-0.04283231845232036
128,7020,Actinic keratosis,-99,0.5814463124406015,-0.002985333303149171,-0.03760035016723764
129,71947,"Pain in joint, ankle and foot",-211,0.7232742734119394,0.002040419347515937,-0.021505797077852586
130,V5789,Care involving other specified rehabilitation procedure,-71,0.7064310080539447,0.009568230387655668,-0.0440238763592178
131,78907,"Abdominal pain, generalized",-141,0.520186307243375,-0.002199738813610207,0.016264489205721242
132,25001,"Diabetes mellitus without mention of complication, type I [juvenile type], not stated as uncontrolled",-113,0.5528319677301282,0.0025689656960435456,-0.03186678481611521
133,42789,Other specified cardiac dysrhythmias,-22,0.5337520635340826,0.002487494476369603,0.1346593255158073
134,56400,"Constipation, unspecified",-358,0.36354856802150276,-0.6364514319785163,0.6374834858700553
135,V5883,Encounter for therapeutic drug monitoring,-113,0.6685731505360522,0.010920638755729102,-0.024456317696323542
136,72210,Displacement of lumbar intervertebral disc without myelopathy,-358,0.6813971752127996,-0.27469259544603636,0.26478294776833816
137,73300,"Osteoporosis, unspecified",-344,0.5606456776888803,-0.11823831599728973,0.11145120734729769
138,78909,"Abdominal pain, other specified site",-358,0.40300893435213475,0.4030089343521443,-0.3969335164118021
139,5853,"Chronic kidney disease, Stage III (moderate)",-316,0.7417257633784294,0.0841927017905132,-0.09194638529241651
140,V5881,Fitting and adjustment of vascular catheter,-148,0.3918286983799007,0.005096934184935137,0.014412773455135662
141,78720,"Dysphagia, unspecified",-358,0.4280584304981924,0.4280584304982029,-0.42238698224534005
142,7392,"Nonallopathic lesions, thoracic region",-358,0.7617842424688793,0.7617842424688998,-0.7745190652868884
143,7234,Brachial neuritis or radiculitis NOS,-358,0.4118174080462779,-0.3313990009018348,0.3308846376505689
144,4739,Unspecified sinusitis (chronic),-351,0.46894067490493013,-0.1657863366664756,0.16578207677131102
145,135,Sarcoidosis,-155,0.3020448699344901,-0.002097966436751783,0.022654153462300347
146,5854,"Chronic kidney disease, Stage IV (severe)",-358,0.7642491846806029,0.7642491846806266,-0.7686469525590451
147,7906,Other abnormal blood chemistry,-358,0.20888082145090422,-0.7911191785491173,0.7974991858644164
148,71590,"Osteoarthrosis, unspecified whether generalized or localized, site unspecified",-71,0.638709297860941,2.0101131082398752e-4,-0.0398397158211338
149,78039,Other convulsions,-358,0.3864618853986071,-0.6135381146014051,0.6179955845786892
150,6826,"Cellulitis and abscess of leg, except foot",-57,0.8041215394175935,0.011756217837907762,-0.0661820368694756
151,4254,Other primary cardiomyopathies,-64,0.4130811105775261,-0.004297513940733038,0.0488621652706274
152,78099,Other general symptoms,-211,0.7292424869010571,0.012604768358663958,-0.02895143501342762
153,7241,Pain in thoracic spine,-218,0.255302784190797,-0.02191515731748457,0.02056174159073727
154,V7284,"Pre-operative examination, unspecified",-71,0.35123905090175744,2.965657313142779e-4,0.06281827044692005
155,4293,Cardiomegaly,-43,0.4350390562282109,0.0027638053520717613,0.0858521804232239
156,72981,Swelling of limb,-1,0.44009199583135655,0.002654622403678665,NA
157,2768,Hypopotassemia,-92,0.4327497161582105,0.0045620758767965525,0.026577516205019507
158,0389,Unspecified septicemia,-57,0.4157725816720348,0.006867833573956636,0.05421581404487158
159,8470,Sprain of neck,-148,0.7958916739812227,0.011578980001270242,-0.04376875653179655
160,25040,"Diabetes with renal manifestations, type II or unspecified type, not stated as uncontrolled",-267,0.7144415106669695,0.02737803610709107,-0.04504232750306677
161,27800,"Obesity, unspecified",-351,0.3963177328920263,-0.11607219965823012,0.11960370237990696
162,3004,Dysthymic disorder,-169,0.5621207516389046,0.0065770425375524695,-0.026639767789636608
163,V7281,Pre-operative cardiovascular examination,-71,0.425872712195702,0.006121464781084485,0.038226766070807536
164,78906,"Abdominal pain, epigastric",-302,0.29618848238782985,-0.05908286545199581,0.06280423757457947
165,V762,Screening for malignant neoplasms of cervix,-358,0.6380437116823025,0.41324323863613727,-0.42202957684014175
166,40391,"Hypertensive chronic kidney disease, unspecified, with chronic kidney disease stage V or end stage renal disease",-253,0.5685815493699826,0.024392068230838698,-0.029127937389710215
167,7863,Hemoptysis,-99,0.20988330922314224,0.0029336476027697145,0.042859529367909446
168,5789,"Hemorrhage of gastrointestinal tract, unspecified",-358,0.37991092631274437,0.3799109263127496,-0.3744644004648125
169,4829,"Bacterial pneumonia, unspecified",-78,0.319832196083308,0.0021110013722699635,0.050074144542830754
170,2875,"Thrombocytopenia, unspecified",-64,0.48968970530064565,0.00429662732261,0.02290524377659434
171,5939,Unspecified disorder of kidney and ureter,-351,0.39318213864046214,-0.32675732202457786,0.32946661190527504
172,7993,"Debility, unspecified",-197,0.11008611056223644,-0.020741894723269316,0.0343889323551699
173,73390,"Disorder of bone and cartilage, unspecified",-358,0.20856809854783226,-0.7914319014521893,0.7956808106868671
174,20300,"Multiple myeloma, without mention of having achieved remission",-274,0.6172737277586647,0.023151850526253143,-0.03054807621522988
175,30002,Generalized anxiety disorder,-358,0.7145019233649151,0.7145019233649318,-0.7188278828956062
176,7213,Lumbosacral spondylosis without myelopathy,-239,0.5249406010924437,0.0027457421584967828,-0.014552359806020324
177,4241,Aortic valve disorders,-260,0.3369584986690578,-0.0294793229605015,0.03724355255528114
178,72610,"Disorders of bursae and tendons in shoulder region, unspecified",-127,0.4081581206678309,-0.010611839315474422,-0.010305916260620347
179,49120,Obstructive chronic bronchitis without exacerbation,-92,0.7702394318708335,0.011923643744049762,-0.015447694787098206
180,1539,"Malignant neoplasm of colon, unspecified site",-162,0.633287441523445,0.010306769459087066,-0.024967655464960832
181,25060,"Diabetes with neurological manifestations, type II or unspecified type, not stated as uncontrolled",-288,0.5694496582703837,0.013144215355037717,-0.025027525277677504
182,56210,Diverticulosis of colon (without mention of hemorrhage),-260,0.5054430502989585,-0.018486828172901322,0.015191013616793626
183,2382,Neoplasm of uncertain behavior of skin,-183,0.6713922903123656,0.0058400106907216046,-0.02614374687063872
184,2639,Unspecified protein-calorie malnutrition,-358,0.3441613440758047,0.3441613440758135,-0.3356055291257391
185,07054,Chronic hepatitis C without mention of hepatic coma,-29,0.7961936099575374,0.00853598755259183,-0.1093594089324674
186,2113,Benign neoplasm of colon,-1,0.26300564053617487,-0.006205614924336374,NA
187,7100,Systemic lupus erythematosus,-358,0.6476277341500217,0.6476277341500356,-0.6520520900867335
188,1985,Secondary malignant neoplasm of bone and bone marrow,-183,0.36045020620465845,-0.0060862257366217235,0.024035941088782275
189,5715,Cirrhosis of liver without mention of alcohol,-358,0.22543505646183448,-0.7745649435381781,0.7750707815993376
190,7969,Other nonspecific abnormal findings,-351,0.11394714156234778,-0.4090041516007076,0.41422530664967033
191,V7260,"Laboratory examination, unspecified",-106,0.49123477786156455,0.009127177626063583,0.02350250808313682
192,7243,Sciatica,-281,0.2949259354587872,-0.043479197531938664,0.04524806845161248
193,49300,"Extrinsic asthma, unspecified",-316,0.49599853764766855,-0.04972503155980108,0.050289932610245135
194,41519,Other pulmonary embolism and infarction,-344,0.4806722935364333,0.17361812743433733,-0.17531311942909122
195,1889,"Malignant neoplasm of bladder, part unspecified",-64,0.5408368167446305,0.005433945539024918,-0.05011725676374289
196,7813,Lack of coordination,-358,0.586430623833791,0.5864306238338042,-0.5856497834902212
197,586,"Renal failure, unspecified",-295,0.5505782855981531,0.03690595394684065,-0.03299796076081552
198,70715,Ulcer of other part of foot,-358,0.32568438639994457,-0.6743156136000749,0.6732941958182528
199,43310,Occlusion and stenosis of carotid artery without mention of cerebral infarction,-330,0.550131725704418,0.084905570406531225,-0.09146392818942696
200,78097,Altered mental status,-141,0.16296753265093727,-0.007239100711330334,0.038452761160534
201,3320,Paralysis agitans,-1,0.19765957385970842,-0.007624500282272348,NA
202,79311,Solitary pulmonary nodule,-120,0.21613492104333396,0.004184209243078877,0.038478718226581936
203,60000,Hypertrophy (benign) of prostate without urinary obstruction and other lower urinary tract symptom (LUTS),-344,0.6768605480596112,0.10375308162290621,-0.11421023122797021
204,5920,Calculus of kidney,-36,0.24478339367583898,-0.008779231688136366,0.06234567629735898
205,30928,Adjustment disorder with mixed anxiety and depressed mood,-85,0.6309529349268527,0.003610507921749506,-0.03760664283749367
206,0319,Unspecified diseases due to mycobacteria,-190,0.7105934993941572,0.022706445950563908,-0.0376415193551889
207,7224,Degeneration of cervical intervertebral disc,-92,0.5659909176294736,0.0026752481428714333,-0.038665632681859456
208,3569,Unspecified hereditary and idiopathic peripheral neuropathy,-358,0.5762184107271479,0.5762184107271604,-0.5786877718446828
209,29633,"Major depressive affective disorder, recurrent episode, severe, without mention of psychotic behavior",-113,0.6630103285375123,0.006667382963387739,-0.03566563936250062
210,7850,"Tachycardia, unspecified",-85,0.5026560569247946,0.002835843728948322,0.030369404558587065
211,61172,Lump or mass in breast,-323,0.7178663318321621,0.10139280667239411,-0.1055092492732332
212,07999,Unspecified viral infection,-113,0.3361717616431635,-0.0020730624294807575,0.034694772529065075
213,53550,"Unspecified gastritis and gastroduodenitis, without mention of hemorrhage",-120,0.6116533490277495,0.014497430501031963,-0.03861193560404008
214,78651,Precordial pain,-358,0.5284711101109681,0.5284711101109801,-0.5271906605982828
215,78702,Nausea alone,-351,0.5926176270872971,0.3101145012487359,-0.30686661226397954
216,4149,"Chronic ischemic heart disease, unspecified",-358,0.5511607610880692,0.5511607610880821,-0.5495985472497669
217,72885,Spasm of muscle,-358,0.5852616477660842,0.5852616477661009,-0.5878875687026758
218,1890,"Malignant neoplasm of kidney, except pelvis",-141,0.6854292188819039,0.013174688004493602,-0.03027018578430393
219,28860,"Leukocytosis, unspecified",-106,0.19864713734600278,-0.0019486921423397384,0.04603210742743868
220,7821,Rash and other nonspecific skin eruption,-218,0.3856199412562108,-0.014991973477501853,0.020027050306924327
221,4279,"Cardiac dysrhythmia, unspecified",-253,0.5533337926548763,0.020291804412874072,-0.019961103482792904
222,78652,Painful respiration,-64,0.3625868767380643,0.0015787914021998734,0.05651289044934372
223,7820,Disturbance of skin sensation,-344,0.5723472765974845,0.10846492550352678,-0.11605756367937971
224,23875,"Myelodysplastic syndrome, unspecified",-351,0.5095960250141921,-0.23129519525702766,0.22642139177035295
225,4139,Other and unspecified angina pectoris,-1,0.09775601821306486,-0.009991219647404513,NA
226,5855,"Chronic kidney disease, Stage V",-204,0.4078985711046851,-0.014903225319925063,0.015440518532224399
227,8472,Sprain of lumbar,-323,0.6793352560429816,0.025646702493203954,-0.0376808794420167
228,4010,Malignant essential hypertension,-232,0.5269811219298928,0.006595791721963249,-0.014993854412423839
229,42781,Sinoatrial node dysfunction,-344,0.672286483290117,0.19244930711415373,-0.19644024408056746
230,4168,Other chronic pulmonary heart diseases,-281,0.4935798095574885,0.03131684765686282,-0.027229745216436327
231,7061,Other acne,-246,0.2910640074701675,-0.020813254296539407,0.018489556790383607
232,3540,Carpal tunnel syndrome,-190,0.6626803388761751,0.01356003386373791,-0.027901514853655836
233,58889,Other specified disorders resulting from impaired renal function,-211,0.7975114218264423,0.03143395785149762,-0.04814382836662198
234,4589,"Hypotension, unspecified",-29,0.5887698831560146,0.00548789454843819,0.08457085544020555
235,59970,"Hematuria, unspecified",-358,0.5430103143168551,0.3782081597528446,-0.3805654547799935
236,28800,"Neutropenia, unspecified",-1,0.7694078956476753,0.008981612724336266,NA
237,78901,"Abdominal pain, right upper quadrant",-337,0.47248073487501846,-0.10480929016791829,0.1114693486534549
238,5569,"Ulcerative colitis, unspecified",-260,0.2851602744960267,-0.009295886226530874,0.019045385306966017
239,5693,Hemorrhage of rectum and anus,-1,0.4196018971489542,-3.176270598716643e-4,NA
240,78630,"Hemoptysis, unspecified",-92,0.25322261948372815,0.0012036139187665636,0.04825282854426309
241,3310,Alzheimer's disease,-358,0.5186448730131078,0.5186448730131203,-0.5164666004595788
242,43491,"Cerebral artery occlusion, unspecified with cerebral infarction",-253,0.6519544920097422,0.026065728834428873,-0.02521214914577728
243,40390,"Hypertensive chronic kidney disease, unspecified, with chronic kidney disease stage I through stage IV, or unspecified",-295,0.672650939310457,0.04815609792591145,-0.05590286438736006
244,3829,Unspecified otitis media,-134,0.6408477242433382,0.01264091905981994,-0.023785019924227546
245,71949,"Pain in joint, multiple sites",-337,0.6415180787309356,0.1368043343962949,-0.13569887196709268
246,71940,"Pain in joint, site unspecified",-344,0.38858569583493313,-0.12761415725460945,0.12549081854760397
247,60001,Hypertrophy (benign) of prostate with urinary obstruction and other lower urinary tract symptoms (LUTS),-113,0.515195465900724,0.0034809712510747576,-0.033216256428212146
248,2749,"Gout, unspecified",-358,0.3154842479601364,-0.6845157520398794,0.6819526021511887
249,6960,Psoriatic arthropathy,-358,0.5759037365062855,0.5759037365062953,-0.5778852851032955
250,V7651,Special screening for malignant neoplasms of colon,-358,0.3885773730647289,-0.6114226269352865,0.6087170484215261
251,78600,"Respiratory abnormality, unspecified",-85,0.2656729369299822,-1.1601848523422688e-4,0.042573098850233124
252,49320,"Chronic obstructive asthma, unspecified",-358,0.2570399772471381,-0.7429600227528752,0.7420422642713912
253,27801,Morbid obesity,-281,0.5625020982648122,0.020031124245134608,-0.023999693349973948
254,78009,Other alteration of consciousness,-351,0.38334725721887186,0.19249040515225063,-0.18475259263132662
255,78959,Other ascites,-127,0.2575205786273656,-8.140433887979001e-4,0.0361733104395639
256,1970,Secondary malignant neoplasm of lung,-8,0.5596829428897853,0.0061710569151002285,0.35383379321899666
257,40210,Benign hypertensive heart disease without heart failure,-344,0.6587021131175332,0.06912019938396767,-0.07917892554731311
258,2767,Hyperpotassemia,-288,0.4508820086310514,0.03341529527111323,-0.03391354996905615
259,57420,"Calculus of gallbladder without mention of cholecystitis, without mention of obstruction",-323,0.21054812762548772,-0.07730291517119639,0.08155349443344241
260,6259,Unspecified symptom associated with female genital organs,-358,0.23667872120022865,-0.7633212787997912,0.7629837278812718
261,28529,Anemia of other chronic disease,-358,0.4279411338133826,0.42794113381339344,-0.4235373676397635
262,6829,Cellulitis and abscess of unspecified sites,-302,0.41569693770412125,0.02958131753575566,-0.025386120124473558
263,V221,Supervision of other normal pregnancy,-351,0.4885554519879371,-0.23925607219745257,0.23808864138681124
264,30390,"Other and unspecified alcohol dependence, unspecified",-36,0.8291071112260481,0.011448401538692733,-0.10083639800490017
265,53011,Reflux esophagitis,-148,0.46152181779353646,0.006112343926787541,-0.01688839231235312
266,99591,Sepsis,-22,0.6081655735793593,0.010016702142463665,0.09618449973990309
267,20190,"Hodgkin's disease, unspecified type, unspecified site, extranodal and solid organ sites",-43,0.5927503397781541,0.0011860285791681345,-0.09563886515708872
268,33829,Other chronic pain,-358,0.3104073154294606,-0.6895926845705553,0.6891002822584786
269,2662,Other B-complex deficiencies,-127,0.5672163796393923,0.0037826596073627975,-0.028026179846889265
270,514,Pulmonary congestion and hypostasis,-197,0.14079451760595377,-0.011310556143474582,0.03528200218447432
271,8471,Sprain of thoracic,-358,0.3274029469461691,-0.6725970530538454,0.6691646580633474
272,78057,Unspecified sleep apnea,-358,0.23567330994191557,-0.7643266900581073,0.761092832244034
273,5781,Blood in stool,-78,0.364898587593724,-0.005510155123032703,0.016359842669620712
274,78841,Urinary frequency,-260,0.6172571573210244,0.0188594229023614,-0.030433842271333368
275,7220,Displacement of cervical intervertebral disc without myelopathy,-323,0.8142794735696254,0.1134246099492037,-0.12332819551565777
276,1625,"Malignant neoplasm of lower lobe, bronchus or lung",-43,0.7214831481791734,0.012348268861511642,-0.08613841717228064
277,48289,Pneumonia due to other specified bacteria,-57,0.36949556792448734,-0.002976918681958711,0.06909309063152774
278,7881,Dysuria,-1,0.44767626664484256,0.0012428005917883471,NA
279,72871,Plantar fascial fibromatosis,-358,0.389399063992415,-0.6106009360075985,0.6068328940729686
280,71509,"Osteoarthrosis, generalized, multiple sites",-120,0.4715358451490313,0.003009791262397327,-0.02419122830461197
281,5070,Pneumonitis due to inhalation of food or vomitus,-358,0.26117501692497097,-0.7388249830750437,0.7446523159725092
282,5128,Other pneumothorax and air leak,-85,0.16613277344133578,-7.483308118371437e-4,0.055798860415260026
283,193,Malignant neoplasm of thyroid gland,-316,0.33841606848500216,-0.05677043507291379,0.05260668051919503
284,78820,"Retention of urine, unspecified",-358,0.5321060450257674,0.5321060450257805,-0.535525776454666
285,5533,Diaphragmatic hernia without mention of obstruction or gangrene,-302,0.5756660095562846,0.04703786608993989,-0.048592111289250055
286,5110,Pleurisy without mention of effusion or current tuberculosis,-113,0.3503776962864901,0.0023104226164643513,0.03206782131176351
287,30981,Posttraumatic stress disorder,-204,0.7657108148318509,0.01832125646887208,-0.03112819964367601
288,25080,"Diabetes with other specified manifestations, type II or unspecified type, not stated as uncontrolled",-267,0.7786572409789522,0.049421221632550555,-0.06229020059364734
289,5997,Hematuria,-15,0.6979493595680132,0.0035300798581517443,-0.17393569260179156
290,3804,Impacted cerumen,-358,0.7244032119980237,0.7244032119980351,-0.7310910070546155
291,79093,Elevated prostate specific antigen [PSA],-176,0.6902634210977446,0.003712128774978487,-0.024312022811531598
292,4359,Unspecified transient cerebral ischemia,-358,0.7109358802274092,0.5402867842390772,-0.5511658502508618
293,71690,"Arthropathy, unspecified, site unspecified",-295,0.5638595895434404,0.03920918116107303,-0.04363307395407533
294,1748,Malignant neoplasm of other specified sites of female breast,-351,0.5408122852460775,0.2788404286050866,-0.28427327319493584
295,7394,"Nonallopathic lesions, sacral region",-239,0.7690096852537939,0.030949481537000913,-0.047535190387763236
296,V5882,"Fitting and adjustment of nonvascular catheter, NEC",-78,0.17117416794020326,7.872772378769671e-4,0.050993619620703985
297,78053,"Hypersomnia with sleep apnea, unspecified",-295,0.4407847383552648,-0.024972546717114717,0.023281991309205944
298,V053,Need for prophylactic vaccination and inoculation against viral hepatitis,-351,0.6450035610570684,0.13884508532974374,-0.14167325390268243
299,61610,"Vaginitis and vulvovaginitis, unspecified",-330,0.6263347161139213,0.06984826866343856,-0.07957895112416082
300,2800,Iron deficiency anemia secondary to blood loss (chronic),-92,0.7763010132533674,0.013218979467568058,-0.032519636090273786
301,29630,"Major depressive affective disorder, recurrent episode, unspecified",-358,0.675565059954999,0.6755650599550128,-0.6841411663343028
302,V4589,Other postprocedural status,-78,0.4341423744605556,-2.395437392113897e-4,0.03862966411348534
303,79029,Other abnormal glucose,-64,0.3775277275142009,-0.005408042480322417,0.04187813867144197
304,7872,Dysphagia,-344,0.46721620581162576,0.14673741427336598,-0.1428556502461872
305,78703,Vomiting alone,-106,0.43805308868012593,0.0025398827420882483,0.023057623486297123
306,49392,"Asthma, unspecified type, with (acute) exacerbation",-358,0.5716879490072941,0.5716879490073075,-0.5718095550305553
307,7030,Ingrowing nail,-71,0.3774928473568637,-0.007004170158219961,-0.024172737749366374
308,45340,Acute venous embolism and thrombosis of unspecified deep vessels of lower extremity,-337,0.29789143003749124,-0.08491888453798102,0.09088898430536368
309,70700,"Pressure ulcer, unspecified site",-358,0.32687784113904306,-0.6731221588609774,0.6696772774759331
310,37515,"Tear film insufficiency, unspecified",-358,0.7478881099259667,0.747888109925985,-0.7552692341006291
311,4239,Unspecified disease of pericardium,-92,0.3106253168099943,0.0032655245010636182,0.04766844025237421
312,4941,Bronchiectasis with acute exacerbation,-260,0.6288445739440804,0.028255021060587627,-0.028330082164899673
313,7964,Other abnormal clinical findings,-134,0.26032490986848866,-0.004583437455290637,0.0362749715824625
314,V0382,Other specified vaccinations against streptococcus pneumoniae [pneumococcus],-1,0.3136706091809578,-0.001566962048107045,NA
315,78607,Wheezing,-190,0.2643278827724815,-0.007464645178334713,0.01579270919077436
316,7149,Unspecified inflammatory polyarthropathy,-127,0.23072475369983375,-0.00856072508959358,0.020947698717165848
317,7210,Cervical spondylosis without myelopathy,-148,0.48956685677428413,0.0066143085861878415,-0.01889899965901958
318,36501,"Open angle with borderline findings, low risk",-1,0.14371800316692418,-0.00630230481863318,NA
319,340,Multiple sclerosis,-316,0.21415986821755267,-0.08056966833277292,0.07991512198791857
320,51882,"Other pulmonary insufficiency, not elsewhere classified",-85,0.3666284639234665,0.001626353318103305,0.03973858268220011
321,8208,Closed fracture of unspecified part of neck of femur,-323,0.5024208433670218,0.038296944944950805,-0.04500660932955158
322,45981,"Venous (peripheral) insufficiency, unspecified",-358,0.7661922386943636,0.7661922386943816,-0.7753891261961506
323,V4365,Knee joint replacement,-344,0.35740826565648576,-0.13697399036991187,0.13330230472742685
324,1550,"Malignant neoplasm of liver, primary",-274,0.28928186354134794,-0.04331309412420265,0.05319039820172159
325,8404,Rotator cuff (capsule) sprain,-71,0.46779198495716817,-6.936113713065937e-4,-0.04780968767262207
326,V669,Unspecified convalescence,-162,0.8941088130653556,0.03451060371231906,-0.06058760246307741
327,2572,Other testicular hypofunction,-358,0.3340533406747224,-0.6659466593252926,0.6611438237402713
328,7907,Bacteremia,-253,0.18394671071667126,-0.0254023942841049,0.04246586737473123
329,V4501,Cardiac pacemaker in situ,-113,0.12256795361023454,-0.014795011039965868,0.025273808517540537
330,71944,"Pain in joint, hand",-358,0.5059506368319734,-0.4003820430130058,0.4017642024201998
331,7948,Nonspecific abnormal results of function study of liver,-99,0.5069298493868151,7.932647527831243e-5,0.024936252899711128
332,36252,Exudative senile macular degeneration,-302,0.668408481817213,0.05161386355972012,-0.061366018182572764
333,1120,Candidiasis of mouth,-148,0.47298683622394116,0.008663297914225817,0.01194764542064224
334,99673,"Other complications due to renal dialysis device, implant, and graft",-358,0.55472300587907,0.38895768660614677,-0.39879035265801377
335,5932,"Cyst of kidney, acquired",-1,0.4918357706590525,7.177152487878749e-5,NA
336,V1582,Personal history of tobacco use,-50,0.41087321303197805,0.00437202423029421,0.0758158506224233
337,25050,"Diabetes with ophthalmic manifestations, type II or unspecified type, not stated as uncontrolled",-330,0.8367613934649463,0.13102687830157697,-0.14594193616588574
338,78052,"Insomnia, unspecified",-358,0.5564916921339117,0.5564916921339247,-0.5585229786944058
339,00845,Intestinal infection due to Clostridium difficile,-225,0.14003489190195173,-0.022280286903571315,0.04030320750660438
340,2410,Nontoxic uninodular goiter,-351,0.4714337903090401,0.2233663085758782,-0.2209624975022893
341,36251,Nonexudative senile macular degeneration,-78,0.47350814463808655,-0.002526196322350235,-0.03855007830674173
342,7062,Sebaceous cyst,-337,0.6020522365175975,0.13802981470748069,-0.1429010024313445
343,08881,Lyme Disease,-120,0.43425507673129987,-0.007709676668793299,-0.015289440917232128
344,25070,"Diabetes with peripheral circulatory disorders, type II or unspecified type, not stated as uncontrolled",-344,0.3835621292699561,-0.18661992791317653,0.1805548080709674
345,2989,Unspecified psychosis,-358,0.16443954215080836,-0.8355604578492135,0.8385381215815751
346,2851,Acute posthemorrhagic anemia,-43,0.3705072467224202,-7.980876754626172e-4,0.06920837499475874
347,V427,Liver replaced by transplant,-309,0.7536454253166955,0.04541738554667746,-0.05506549784400768
348,1744,Malignant neoplasm of upper-outer quadrant of female breast,-106,0.7001332023549741,0.010230343240655082,-0.037610876225557234
349,20500,"Acute myeloid leukemia, without mention of having achieved remission",-260,0.04015928873105067,-0.0061350915423510335,0.02695200205838955
350,34690,"Migraine, unspecified, without mention of intractable migraine without mention of status migrainosus",-358,0.5647301954293686,0.5647301954293822,-0.5691411834841429
351,2752,Disorders of magnesium metabolism,-295,0.5785664528133847,0.031738379235898784,-0.035434527064830385
352,5733,"Hepatitis, unspecified",-218,0.11491543875337847,-0.016840758819617083,0.0323282767509207
353,71595,"Osteoarthrosis, unspecified whether generalized or localized, pelvic region and thigh",-141,0.6101375706414747,0.010606668698081467,-0.02236649618567064
354,4111,Intermediate coronary syndrome,-120,0.36481255406243596,-0.004279162009475454,0.021323776833791885
355,29620,"Major depressive affective disorder, single episode, unspecified",-225,0.6559888401679013,0.01905950849600242,-0.028612946941792755
356,71943,"Pain in joint, forearm",-358,0.25752628161910063,-0.7424737183809134,0.7444035206145062
357,78904,"Abdominal pain, left lower quadrant",-351,0.21389646851723307,-0.386750891425651,0.3911599168069607
358,34590,"Epilepsy, unspecified, without mention of intractable epilepsy",-29,0.6367445067002282,0.005911064578466511,-0.10028840350427438
359,4720,Chronic rhinitis,-358,0.713355146868136,0.7133551468681583,-0.7178080299898403
360,412,Old myocardial infarction,-358,0.20820940265045337,-0.7917905973495697,0.792229376575893
361,481,Pneumococcal pneumonia [Streptococcus pneumoniae pneumonia],-85,0.3457721762669442,0.0051704459589705576,0.032563731020855705
362,2810,Pernicious anemia,-358,0.4301333693802181,-0.5698666306197939,0.5644525299019642
363,34830,"Encephalopathy, unspecified",-120,0.5681430668472207,0.012478227108696302,-0.021806099524573866
364,83920,"Closed dislocation, lumbar vertebra",-50,0.39920950023805657,-0.002561726698625188,-0.04299465695871248
365,1983,Secondary malignant neoplasm of brain and spinal cord,-71,0.3533105255175703,0.008313058708322718,0.03370383077482444
366,4919,Unspecified chronic bronchitis,-162,0.3873765935636208,-0.003510957928805945,0.015553349920557649
367,2391,Neoplasm of unspecified nature of respiratory system,-85,0.23427195510427498,0.003482941395530126,0.0542366092226585
368,591,Hydronephrosis,-358,0.47285185876274494,0.47285185876275626,-0.4681986004030698
369,5718,Other chronic nonalcoholic liver disease,-351,0.590425789187449,0.3157233649415602,-0.31316818561405085
370,70703,"Pressure ulcer, lower back",-50,0.6197993034002854,0.0045766648006599145,-0.08210380062750584
371,29623,"Major depressive affective disorder, single episode, severe, without mention of psychotic behavior",-295,0.5293907440682281,0.016635508537802084,-0.022853929888307374
372,40290,Unspecified hypertensive heart disease without heart failure,-260,0.4678179677868303,0.022982324635210865,-0.031673130713838045
373,6272,Symptomatic menopausal or female climacteric states,-358,0.317945111299833,-0.682054888700184,0.6803364690960493
374,4414,Abdominal aneurysm without mention of rupture,-71,0.2330790984229937,-0.005399503609181536,0.03888316320008717
375,95901,"Head injury, unspecified",-351,0.3289771162626805,-0.3173482053601921,0.3207728526483949
376,8360,"Tear of medial cartilage or meniscus of knee, current",-309,0.758378664125653,0.06048259961860769,-0.07449488232667197
377,V061,"Need for prophylactic vaccination and inoculation against diphtheria-tetanus-pertussis, combined [DTP] [DTaP]",-358,0.6576996746164453,0.6576996746164577,-0.6583868076444307
378,1541,Malignant neoplasm of rectum,-232,0.7778963568343419,0.03436031097559412,-0.04860520195504973
379,5130,Abscess of lung,-92,0.12763487501797446,0.0012437272065537294,0.06441585578599925
380,2357,"Neoplasm of uncertain behavior of trachea, bronchus, and lung",-113,0.25549392325020726,0.006237778369813131,0.023755382683730154
381,25003,"Diabetes mellitus without mention of complication, type I [juvenile type], uncontrolled",-358,0.5147628881057797,0.5147628881057943,-0.5142515016734786
382,5738,Other specified disorders of liver,-358,0.21346971839886195,-0.786530281601163,0.7898713610982462
383,V4581,Aortocoronary bypass status,-330,0.7150697108617716,0.10558346387633283,-0.11753961259828859
384,44020,"Atherosclerosis of native arteries of the extremities, unspecified",-358,0.589685732296953,0.5896857322969686,-0.5946326269603011
385,V5481,Aftercare following joint replacement,-218,0.21903529047141748,-0.026790635312042666,0.02986361931867738
386,5609,Unspecified intestinal obstruction,-22,0.5154171620040532,0.007373032048153408,0.14297607909071305
387,78903,"Abdominal pain, right lower quadrant",-358,0.35075349937068084,-0.6492465006293355,0.6471023361654523
388,1579,"Malignant neoplasm of pancreas, part unspecified",-106,0.403726692280093,-0.0015670659940074114,0.01813998827506696
389,27542,Hypercalcemia,-127,0.18039537332488897,-0.01832300463937548,0.02898802855232732
390,7873,"Flatulence, eructation, and gas pain",-71,0.49568131557121675,4.6600373036865086e-4,0.035933350716749315
391,2948,Other persistent mental disorders due to conditions classified elsewhere,-358,0.23317838748622913,-0.76682161251379,0.766779607240215
392,3572,Polyneuropathy in diabetes,-50,0.33740431495755085,-0.006466962151257279,-0.03914520808370126
393,4148,Other specified forms of chronic ischemic heart disease,-358,0.3692143653291817,-0.63078563467083415,0.6335141553567895
394,99859,Other postoperative infection,-190,0.1705607893986363,-0.009956903601902623,0.03391415102730114
395,1628,Malignant neoplasm of other parts of bronchus or lung,-141,0.1496114310566195,-0.0026681642914807924,0.036002304433116146
396,V431,Lens replaced by other means,-281,0.4032798858364339,-0.030716287537110983,0.024693862289546398
397,07070,Unspecified viral hepatitis C without hepatic coma,-232,0.5153503882889109,0.004244313214273444,-0.013576938020807578
398,7260,Adhesive capsulitis of shoulder,-358,0.3336356497029772,-0.6663643502970398,0.6607364209343437
399,4271,Paroxysmal ventricular tachycardia,-351,0.25095314302331895,-0.3837124462048438,0.38187706419269574
400,42732,Atrial flutter,-29,0.7601484778264819,0.008554153247685336,-0.08379348058273692
401,V222,"Pregnant state, incidental",-211,0.7293648600490891,0.022342783768799716,-0.04220577707396624
402,V725,"Radiological examination, not elsewhere classified",-92,0.4045358220419916,0.002911422374492795,0.028320878205480925
403,2769,Electrolyte and fluid disorders not elsewhere classified,-288,0.32917652087030674,-0.023346897686789696,0.03504008769686744
404,5163,Idiopathic interstitial pneumonia,-358,0.2891625966141441,-0.7108374033858749,0.7142726867170791
405,4871,Influenza with other respiratory manifestations,-43,0.5973936285834531,0.007835814498388976,0.06298637121358659
406,4242,"Tricuspid valve disorders, specified as nonrheumatic",-344,0.5572694511616064,0.15389879059601694,-0.1547815094532048
407,V103,Personal history of malignant neoplasm of breast,-260,0.4261981817460456,-0.012806014418880879,0.017978074715303854
408,1991,Other malignant neoplasm without specification of site,-246,0.4445495839681903,0.01980727226976651,-0.01307070569022836
409,2762,Acidosis,-351,0.4102653463493557,0.21048572291391154,-0.20525471323655586
410,7904,Nonspecific elevation of levels of transaminase or lactic acid dehydrogenase [LDH],-1,0.4365307544562942,0.0012036200377837643,NA
411,7847,Epistaxis,-218,0.42256832699761654,-0.009064577018282033,0.01639669315082026
412,V440,Tracheostomy status,-120,0.7389809380173723,0.010088353641142536,-0.04887278076445166
413,27700,Cystic fibrosis without mention of meconium ileus,-113,0.7360267179243088,0.012183575290071356,-0.03722653505619908
414,0539,Herpes zoster without mention of complication,-316,0.6981887819989621,0.08747432006558874,-0.09272018575264603
415,7265,Enthesopathy of hip region,-323,0.25653811097096013,-0.10460142201981924,0.10347162724261405
416,1830,Malignant neoplasm of ovary,-358,0.2729707238075095,-0.727029276192511,0.7329859256653407
417,29690,Unspecified episodic mood disorder,-267,0.2711689801331032,-0.014147482672691307,0.01356207200099184
418,3384,Chronic pain syndrome,-330,0.47657989927357425,-0.10075797258300709,0.09570223782243328
419,4160,Primary pulmonary hypertension,-358,0.40797402636639346,-0.5920259736336205,0.5925579133647435
420,7248,Other symptoms referable to back,-358,0.5178859965917055,-0.4821140034083071,0.4743445442707071
421,2189,"Leiomyoma of uterus, unspecified",-78,0.20310012903492466,-0.006593292374223982,0.025895636953956233
422,51883,Chronic respiratory failure,-211,0.304039977038914,-0.0147686074177701,0.02288305744279098
423,53010,"Esophagitis, unspecified",-351,0.30139565091056475,-0.3207766944433346,0.32470789729136323
424,51884,Acute and chronic respiratory failure,-106,0.1766099670407324,-0.002623743442791255,0.04664191940030028
425,7905,Other nonspecific abnormal serum enzyme levels,-8,0.53760030700573,0.004180632610888243,0.4582190603833816
426,31401,Attention deficit disorder with hyperactivity,-120,0.739232233992492,0.005690982694782406,-0.04885494139303581
427,47819,Other disease of nasal cavity and sinuses,-358,0.5688471522192757,0.5688471522192896,-0.5725642293500774
428,6202,Other and unspecified ovarian cyst,-358,0.5959786847961647,0.5959786847961811,-0.5964688212602426
429,5770,Acute pancreatitis,-330,0.5339370939466938,0.09475119507568021,-0.0968475652394821
430,71515,"Osteoarthrosis, localized, primary, pelvic region and thigh",-358,0.6701605838131348,0.6701605838131465,-0.6806492696003162
431,07810,"Viral warts, unspecified",-358,0.5549817015073826,0.5549817015073943,-0.5546726051496208
432,2900,"Senile dementia, uncomplicated",-148,0.6187752820662316,0.016131777226082705,-0.03013549625081927
433,53500,"Acute gastritis, without mention of hemorrhage",-351,0.44935444102430644,0.20209919891607941,-0.2038781184365457
434,5368,Dyspepsia and other specified disorders of function of stomach,-330,0.7239216474764466,0.12001903299270764,-0.12435274330292313
435,2893,"Lymphadenitis, unspecified, except mesenteric",-120,0.22584394966033974,0.005119984392081276,0.03724466750874724
436,7070,Pressure ulcer,-267,0.7118341878913084,0.008216573212471294,-0.024372311108004002
437,5739,Unspecified disorder of liver,-1,0.533706242790642,9.073666051053426e-4,NA
438,7262,"Other affections of shoulder region, not elsewhere classified",-78,0.4832409442789793,9.122750967633924e-4,-0.043733598028899257
439,78830,"Urinary incontinence, unspecified",-358,0.3162815572421826,-0.6837184427578342,0.6794873992111367
440,4610,Acute maxillary sinusitis,-309,0.27687353178168206,-0.06060357891376738,0.05880377275666273
441,20288,"Other malignant lymphomas, lymph nodes of multiple sites",-323,0.5753920834670188,0.07341283751220229,-0.07458128881212137
442,28803,Drug induced neutropenia,-113,0.5946707709981631,0.012231401440790537,-0.04475389304473558
443,485,"Bronchopneumonia, organism unspecified",-78,0.33537299036342244,0.0030204476589062394,0.05194138211976311
444,2387,Other lymphatic and hematopoietic tissues,-50,0.6862856432681417,0.01175388179765468,-0.044762342935400636
445,29622,"Major depressive affective disorder, single episode, moderate",-351,0.6236608160624881,0.3260239122463142,-0.3309446912981821
446,4550,Internal hemorrhoids without mention of complication,-134,0.5354086488596655,0.007017220111305486,-0.029204412839413257
447,5641,Irritable bowel syndrome,-358,0.6794687857032496,0.679468785703263,-0.6841472184705435
448,60784,Impotence of organic origin,-351,0.6285141166608371,0.30935235366788455,-0.3173610483619081
449,5550,Regional enteritis of small intestine,-36,0.5038873165080568,0.0039052676395193867,-0.05125696816112697
450,70714,Ulcer of heel and midfoot,-176,0.09154560613031018,-0.026812059412494964,0.03715763275823785
451,V4511,Renal dialysis status,-1,0.4492004666124501,-0.0014211481883778469,NA
452,V6759,Other follow-up examination,-358,0.2248671208766953,-0.7751328791233226,0.7766529057715634
453,56211,Diverticulitis of colon (without mention of hemorrhage),-274,0.6192518721631561,0.040315701214174146,-0.045382910057082754
454,7852,Undiagnosed cardiac murmurs,-57,0.5363553383850086,0.00242612519845248,-0.033825738776378234
455,72283,"Postlaminectomy syndrome, lumbar region",-358,0.597111678868108,0.5971116788681196,-0.6026211375013796
456,7292,"Neuralgia, neuritis, and radiculitis, unspecified",-344,0.5515913760759317,0.15837534747815718,-0.16390792957334352
457,7859,Other symptoms involving cardiovascular system,-358,0.6082853768971676,0.6082853768971836,-0.6140052265911778
458,V5844,Aftercare following organ transplant,-358,0.22227981743557743,-0.34858888474324146,0.35816482227870705
459,70219,Other seborrheic keratosis,-99,0.6489712014283149,0.0035552508023406295,-0.03811800013606671
460,2765,Volume depletion,-127,0.7676012468089384,0.013577036234178549,-0.03075702998260841
461,6822,Cellulitis and abscess of trunk,-155,0.34085250344380263,-7.88119887327481e-4,0.019001137727432536
462,53540,"Other specified gastritis, without mention of hemorrhage",-113,0.6501872632190446,0.00483332596753901,-0.02347236003210778
463,2123,Benign neoplasm of bronchus and lung,-113,0.14035675050094162,0.001840684016986842,0.0436959933467238
464,2811,Other vitamin B12 deficiency anemia,-1,0.37896932049473736,-0.003684910773539303,NA
465,V433,Heart valve replaced by other means,-134,0.5824985093331306,0.002974305719629006,-0.017770322354146568
466,2819,Unspecified deficiency anemia,-295,0.6337574331985512,0.030688415189222995,-0.04150343664474192
467,3090,Adjustment disorder with depressed mood,-351,0.43400384719422597,-0.33375716361715974,0.328690498524864
468,1460,Malignant neoplasm of tonsil,-225,0.19613008260908485,-0.0058160677384314205,0.021456124952865842
469,53510,"Atrophic gastritis, without mention of hemorrhage",-358,0.48869342068273997,0.4886934206827519,-0.4858680401325379
470,2888,Other specified disease of white blood cells,-169,0.2124863041170991,-0.01750347388780603,0.043849135194395907
471,2165,"Benign neoplasm of skin of trunk, except scrotum",-1,0.16948070425993905,-0.008021634017570315,NA
472,70211,Inflamed seborrheic keratosis,-295,0.6886873185434148,0.037954047155636696,-0.04851652913306226
473,29420,"Dementia, unspecified, without behavioral disturbance",-302,0.4948742870936384,0.03891113844305507,-0.04177528020349327
474,36610,"Senile cataract, unspecified",-358,0.6044676773979174,0.6044676773979343,-0.6119621022221916
475,5551,Regional enteritis of large intestine,-351,0.45078039101942124,0.23077641622349332,-0.22770724982637558
476,29680,"Bipolar disorder, unspecified",-197,0.6121981779370119,0.015111561935943851,-0.019277334192955853
477,4571,Other lymphedema,-127,0.4870651741441807,-0.004193804759464714,-0.020583432845953147
478,28850,"Leukocytopenia, unspecified",-337,0.4983582702133035,0.11604578080406766,-0.11601318759248899
479,71906,"Effusion of joint, lower leg",-358,0.5808799575772622,-0.3903776294197845,0.3823619339417611
480,7994,Cachexia,-344,0.5515705442221794,0.18554309227412208,-0.1872585078495501
481,7910,Proteinuria,-351,0.5492466171084288,0.28989857655462364,-0.29022515365595764
482,36201,Background diabetic retinopathy,-358,0.578449107491372,0.578449107491388,-0.5840256319741933
483,8460,Sprain of lumbosacral (joint) (ligament),-358,0.5729548210245553,0.57295482102456885,-0.5738601114322825
484,04112,Methicillin resistant Staphylococcus aureus in conditions classified elsewhere and of unspecified site,-358,0.14833395046598014,-0.8516660495340447,0.8602515929226541
485,6260,Absence of menstruation,-253,0.6675391305838788,3.054510723783758e-4,-0.01352654235358875
486,1540,Malignant neoplasm of rectosigmoid junction,-358,0.5971880018264059,0.5971880018264232,-0.6029479082938318
487,6827,"Cellulitis and abscess of foot, except toes",-309,0.8041455106936787,0.10447974649672924,-0.11979895810047299
488,07032,Chronic viral hepatitis B without mention of hepatic coma without mention of hepatitis delta,-358,0.366402743895345,-0.6335972561046729,0.6316366965814666
489,38910,"Sensorineural hearing loss, unspecified",-190,0.7252216632777744,0.012757722425863463,-0.030452296550853488
490,36653,"After-cataract, obscuring vision",-302,0.84941187800669,0.06041156946345517,-0.07416901509355668
491,4270,Paroxysmal supraventricular tachycardia,-358,0.2507990067087564,-0.7492009932912629,0.748009064519823
492,29570,"Schizoaffective disorder, unspecified",-358,0.7569959513982171,0.7569959513982356,-0.763306643817053
493,78843,Nocturia,-106,0.5543762063037707,0.0071377723723107245,-0.034480492299267224
494,3669,Unspecified cataract,-267,0.6218273458723085,0.01715203520545696,-0.02858068605020043
495,52460,"Temporomandibular joint disorders, unspecified",-106,0.7428162157715621,0.019133605695178815,-0.0522710504409134
496,79380,"Abnormal mammogram, unspecified",-351,0.5218461072955718,0.24957490966320683,-0.25347560327410534
497,V7644,Screening for malignant neoplasms of prostate,-358,0.38821223534807786,-0.6117877646519333,0.6102509398753196
498,24290,"Thyrotoxicosis without mention of goiter or other cause, and without mention of thyrotoxic crisis or storm",-1,0.3547716200790284,-0.0060548535724859395,NA
499,73301,Senile osteoporosis,-113,0.46250350863455203,3.2058378799403357e-4,-0.02606263884029867
500,25042,"Diabetes with renal manifestations, type II or unspecified type, uncontrolled",-337,0.5362250265140632,0.14241191355658675,-0.14414341978836903
